date,content,replyCount,retweetCount,likeCount,quoteCount,lang,sourceLabel,hashtags,user.verified,user.created,user.location
23/08/2021,Para penghasut sibuk menyebarkan persepsi negatif mengenai Dato Sri Ismail Sabri yang menaiki pesawat khas bersama rakannya yang sebenarnya adalah untuk mengadakan lawatan rasmi bagi meninjau dan melawat mangsa tragedi kepala air serta banjir lumpur di Kedah,1,0,2,0,in,Twitter for Android,,FALSE,11/07/2021,"Kudat, Sabah, Malaysia"
23/08/2021,Give this guy more years of a productive life so he ll shit out his guts at the age of trying to post hour video essays about why MCU Phase Hulk is better than Phase because he encapsulates the male id better than the one with resolved mind body split,0,0,1,0,en,Twitter for Android,,FALSE,29/06/2009,
23/08/2021,Natural disasters in the week over the world Malaysia pun termasuk banjir di Yan Kedah,0,0,0,0,in,Twitter for Android,,FALSE,19/11/2009,"Kota Kinabalu, Sabah"
23/08/2021,Crabman PCHARBONNEL Framboisine Oui bien s r on fait pas de test pr clinique On passe direct en phase Comme a,1,0,0,0,fr,Twitter Web App,,FALSE,19/02/2013,
23/08/2021,RIVIEREBenot FLyMachabert Les essais de phase innocuit sur enfants en ne sont pas autoris s pour plusieurs raisons la phase est celle apr s les animaux Il faut tre capable de rendre compte clairement de ses ressentis il f,0,0,0,0,fr,Twitter for Android,,FALSE,05/03/2010,
23/08/2021,HiNu Nova OKOK I GOT REAL SCARED I THOUGHT REIWA WAS GONNA FOLLOW IN THE FOOTSTEPS OF HEISEI PHASE,0,0,0,0,en,Twitter Web App,,FALSE,04/08/2017,Chillin
23/08/2021,stevesilberman With all eyes on the FDA approval of Pfizer vaccine the start of a phase trial for a HIV vaccine by Moderna did not get as much attention but IMO may be the bigger vaccine news down the line,0,0,3,0,en,Twitter Web App,,FALSE,19/05/2013,
23/08/2021,Gate Union Recruitment Program Phase Make Creative Videos Earn a high basic salary reward now More details CryptoNews Cryptobloggers CryptoGiveaway cryptotrading,0,1,1,0,en,Twitter for Android,"['CryptoNews', 'Cryptobloggers', 'CryptoGiveaway', 'cryptotrading']",FALSE,07/02/2021,Wall Street
23/08/2021,Hugue PCHARBONNEL Framboisine bah le vaccin en phase avant d arriver l il est pass par la phase et donc test sur des gens sans savoir ce qu il allait faire d ailleurs on raconte que des labo on cach les mort et vendu le medoc,1,0,0,0,fr,Twitter Web App,,FALSE,03/11/2014,
23/08/2021,VeroWendland lawencer Zumindest auf den ersten Blick bin ich jetzt nicht gerade beeindruckt Daf r dass AKWs seit gut Jahren laufen und radioaktiven M ll produzieren h tte ich ein wenig mehr erwartet als Schritt von Phase nahezu abge,2,0,0,0,de,Twitter Web App,,FALSE,30/05/2019,"Baden-W√ºrttemberg, Deutschland"
23/08/2021,kitchentowel cashandcarrots AlisonW AlanB penny traitor fowkc frances cutler cynicalkind rhd afeduptaxpayer NickCooperative NigelSarbutts RPMarks RogerDrew BRCWCo HStheTruth lordofdisorder SimonZev LuciferSide Beeron bars,4,0,3,0,en,Twitter for iPad,,FALSE,13/03/2015,
23/08/2021,Anyone here who can help me to find someone yang boleh buat pulut kunin yang enak lagi menyelerakan kawan kawan ke sedara ke tapi jangan la johor kedah nuhh,0,0,0,0,in,Twitter for Android,,FALSE,05/05/2016,
23/08/2021,Game liga super malaysia kedah vs penang ritu reff bagi kuning je pada jafri chew lebih kurang gini lah tackle dia,0,0,0,0,in,Twitter for Android,,FALSE,23/08/2017,Stay At Home
23/08/2021,Praying for my family members dekat kedah sihat cepat dah orang ve,1,0,3,0,in,Twitter for Android,,FALSE,27/10/2016,"Selangor, Malaysia"
23/08/2021,GameSpot Woke Phase begins now,0,0,0,0,en,Twitter for iPhone,,FALSE,13/11/2020,
23/08/2021,Rangkul rerencangan anu leres hoyong janten dulur jauhan rerencangan anu hoyong raos na hungkul Hirupmah kedah rada jahat saetik Bager teing teh sok tara di hargaan malah anu aya kadon di ciduhan Naon sia panas hareudang hayu jajalkeun,0,0,1,0,in,Twitter for Android,,FALSE,02/08/2021,Afghanistan
23/08/2021,It looks like alexkazim amp the eBayAds team are ready to start rolling out Promoted Listings Advanced CPC Phase is for sellers using rd party tools that can access the feature via eBay s API including ChannelAdvisor Frooition SoldEazy amp more,0,1,1,0,en,Twitter Web App,,FALSE,18/02/2021,
23/08/2021,ReyGetsIt MAJTOURE You said in phase in trials it s FDA approved and out of testing so it s no longer in trials and the study ended early hence the estimated completion date,3,0,0,0,en,Twitter for iPhone,,FALSE,12/08/2019,Bryant Denny stadium
23/08/2021,EZJunior slaughtererof jeremyfaust Phase is first in human safety Phase expands on Phase and looks mostly at safety in a bigger patient population Phase evaluates safety AND efficacy and usually this data is submitted to the FDA There,1,0,1,0,en,Twitter Web App,,FALSE,24/01/2021,
23/08/2021,mcahs hs Same applies to Phase but apparently money is no object,0,2,2,0,en,Twitter for iPad,['hs2'],FALSE,13/06/2013,
23/08/2021,ReyGetsIt MAJTOURE It s not still in phase that s the title of the trial,1,0,1,0,en,Twitter for iPhone,,FALSE,12/08/2019,Bryant Denny stadium
23/08/2021,IAmTJMO Totoo hahaha hinarang kami kanina sa phase taga phase kasi ako sabi ko iisang subdivision lang naman po tayo hahahaha,1,0,1,0,tl,Twitter for iPhone,,FALSE,03/01/2011,"Para√±aque, MNL ‚úà | Laguna"
23/08/2021,MediaAdil Kedah fkrlsd laju naik van hang,0,0,1,0,in,Twitter Web App,,FALSE,16/05/2012,"Jitra, chaos city"
23/08/2021,RRB NTPC Result CBT CEN Phase to Results Expected Soon See Latest,0,0,0,0,en,WordPress.com,,FALSE,04/06/2021,
23/08/2021,Shortlet Smashing bedroom apartment Lekki phase hr power security cleaning WiFi Dstv swimming pool Kindly retweet and follow us for more luxury apartments BBNaija BBNaijaSeason Whitemoney Pere Kuda Tiwa Savage,0,0,4,0,en,Twitter for Android,"['BBNaija', 'BBNaijaSeason6', 'Whitemoney']",FALSE,24/09/2019,"Lekki, Lagos, Nigeria"
23/08/2021,Xenophon realDailyWire Phase Circle wagons around your political tribe Phase Initiate deployment of whataboutery Phase Lay down sustained barrage of whataboutery Phase Smear anyone pointing out that whataboutery is a logical fallacy as,1,0,0,0,en,Twitter Web App,,FALSE,06/12/2014,"Aiken, SC, USA"
23/08/2021,VICTORIA XDC AndreCasterman Exchange Listings Tier Exchange Listing In Legal clearance Non US Customers Phase US Customers FIAT pairs Phase,0,0,4,0,en,Twitter Web App,,FALSE,01/12/2008,
23/08/2021,See as this one wear Lekki Phase for hand,0,0,1,0,en,Twitter for iPhone,,FALSE,11/05/2012,"Lagos, Nigeria"
23/08/2021,SamParkerMetal SupesBatsy Wait has the MCU even had different aspect ratios before I could see maybe Phase having some different ones But it s all digital made for any medium movies So I would expect them to be all the same Would be cool if this,0,0,0,0,en,Twitter for Android,,FALSE,17/07/2018,Australia
23/08/2021,Students moving into campus housing must agree to Phase amp safety protocols During Phase residents must wear masks in their residential unit except in their bedroom or while showering When campus moves to Phase residents will not need to mask in their residential unit,1,0,5,0,en,Twitter Web App,,TRUE,19/07/2011,"La Jolla, CA"
23/08/2021,we cleared phase i cannot believe we re finally here,1,2,3,0,en,Twitter Web App,,FALSE,26/05/2018,Spain
23/08/2021,aria cosplays It s really cool to have a totally different vision and style of them in this cycle as they re maturing And it s such a classic Disney vibe Harvey is coming back to close out phase which is also a cool full circle,0,0,6,0,en,Twitter for iPad,,TRUE,02/09/2009,San Madrigal
23/08/2021,Tahniah amp Syabas PM IsmailSabri yg turun padang segera meninjau keadaan malapetaka banjir di Kedah Keprihatan beliau harus disanjung Pemimpin berjiwa politik utk Rakyat,0,0,0,0,in,Twitter for iPad,,FALSE,20/10/2011,Pulau Pinang 
23/08/2021,Weird seeing next month s work schedule and you re no longer on it lol phases for the next year plan ready to hit the ground running for phase JTrains,0,0,0,0,en,Twitter for iPhone,['JTrains'],FALSE,20/07/2021,
23/08/2021,salemjunejo KElectricPk Hammad Azhar QadirKhanMando HaleemAdil aaj urdu SAMAATV KNews PK Supply off since PM still not restore Ahsanabad phase sector KDA scheme Feeder name Kaka Khail CAT CVHL,1,1,1,0,en,Twitter for Android,,FALSE,22/04/2014,
23/08/2021,gryffinclawd juuustmine IH heeh nya guru hungkul maneh mah eta tong arapaleun maneh geus ereun gawe atuh dudeee meh teu katempuhan teuing eta ngerjakeunna ih ripuh api we damel keneh punten ieu kalaresan abdi kedah marios ulangan harian mane,0,0,0,0,in,Twitter for iPhone,,FALSE,19/12/2016,
23/08/2021,BOLNewsOfficial KElectricPk JusticeGulzar PakPMO Hammad Azhar NepraPakistan geonews urdu Supply off since PM still not restore Ahsanabad phase sector KDA scheme Feeder name Kaka Khail CAT CVHL Have no words for all concerne,0,1,0,0,en,Twitter for Android,,FALSE,22/04/2014,
23/08/2021,Ambujaarya bsesdelhi It is making more than hours in Mayur Vihar Phase actually,1,0,1,0,en,Twitter for Android,,FALSE,20/07/2009,"Paris, France"
23/08/2021,sarahoney adaaaa naik bot tongkang g kat kuala kedah tuu hehehe,0,0,0,0,in,Twitter for iPhone,,FALSE,31/01/2011,"Sydney, New South Wales"
23/08/2021,realdesky k teu before upgrade k phase completed m phase UC,1,0,1,0,en,Twitter for Android,,FALSE,06/06/2012,Ethiopia
23/08/2021,ianrborthwick Correct They want shopping done in app Phase was tagged products Phase is the just launched affiliate program Phase full blown IG shop,0,0,3,1,en,Twitter Web App,,FALSE,26/01/2021,"San Jose, CA"
23/08/2021,Phase PhD from Michigan under RD Alexander Phase critic of campus identity politics Phase Intellectual Dark Web Phase take horse dewormer for covid,0,0,0,0,en,Twitter Web App,,FALSE,03/12/2020,
23/08/2021,Dengar cara cakap macam orang Kedah,0,0,0,0,in,Twitter for iPhone,,FALSE,13/05/2013,ass
23/08/2021,Yeah we back in phase y all,1,0,0,0,en,Twitter for iPhone,,FALSE,13/04/2009,
23/08/2021,ecahmokhtar the turtles are coming to kedah i thought they usually go to terengganu,0,0,1,0,en,Twitter for Android,,FALSE,02/09/2017,
23/08/2021,terjaga dari tidur tetiba dengar bf i cakap bahasa kelantan pastu cakap indo pulak eh kang tetiba cakap kedah normal ke orang main game centu,1,0,0,0,in,Twitter for Android,,FALSE,09/11/2019,
23/08/2021,Phase complete congratulations Liquor BBNaija,0,3,3,0,en,Twitter for iPhone,['BBNaija'],FALSE,30/03/2014,Stamford Bridge üíô
23/08/2021,It s a I dont give f signage Well done to the man in charge For putting it in the midst of a flood For spent to remind the Kedah state My face will save my Malaysian family,0,0,0,0,en,Twitter for Android,,FALSE,10/05/2020,
23/08/2021,New week new blessings Allah Patronize us abbeyinteriorproduction WhatsApp Lekki Phase Victoria Island Lagos Nigeria,0,0,0,0,en,Instagram,,FALSE,09/05/2020,"Lagos, Nigeria"
23/08/2021,Le septembre je monte sur auber apr s si tout ce passe bien on monte sur meda en clio phase,0,0,1,0,fr,Twitter for iPhone,,FALSE,11/01/2017,Aubervilliers 93‚ñ∂Ô∏èSaxon Suisse
23/08/2021,bangtanksmos turtle man at kedah,1,0,0,0,tl,Twitter for Android,,FALSE,17/11/2016,Jupiter
23/08/2021,hisham ghazali skumar Ban tu nampak macam rendah amp kecil tak macam di Sg Muda Kedah Mungkin Sg Samagagah kecil tetapi terpaksa menampung volume yg besar year rainfall maybe,0,0,2,0,in,Twitter for Android,,FALSE,05/05/2007,P015 - Sungai Petani
23/08/2021,Are you at Lekki Phase and want this set of Bakkarat perfume You can send your rider to pick up only,0,12,6,0,en,Twitter for iPhone,,FALSE,14/01/2018,Lagos/Kano/Bauchi 
23/08/2021,gira michel VictorSinclair Beerussamarange WalterCitoyen Austerlitz RestAtHome YanoRiva wargonm Gocentrique VincentJappi bastetgeraud joycaseneuve bibiz EbenYaakov ADv in CaptainKorsair BetraMaurice MCpTreast toivoar,3,0,0,0,fr,Twitter for iPad,,FALSE,14/11/2015,
23/08/2021,The SUNI Starbase Universe White Paper is a solid project Still in Phase of the Roadmap a good time to invest It supports investment in clean energy Also SUNI HOLDERs get a share of the cut fees,0,0,0,0,en,Twitter for Android,"['SUNI', 'SUNI']",FALSE,20/11/2009,
23/08/2021,mkhairulazri MCM mana ya perasaan DYMM SPB YDP agong kalau gambar ni dia terima pak long suruh jaga rakyat ni dia pentingkan kroni dia siap duduk dlm jet kerajaan lagi enjoi alasan nak g Kedah lawat mangsa kepala air Kerajaan keluarga Malaysia kkm,0,0,0,0,in,Twitter for Android,['kkm'],FALSE,03/02/2021,
23/08/2021,Who s excited for these massive BNB rewards We ve had a successful stealth launch and are still in phase Our tax for buys and sells are BNB rewards liquidity and for marketing wallet BinanceSmartChain PancakeSwap BNB cryptotrading BSCGems,9,7,13,0,en,Twitter for iPhone,"['BinanceSmartChain', 'PancakeSwap', 'BNB', 'cryptotrading', 'BSCGems']",FALSE,22/08/2021,
23/08/2021,Friday night MPAC secured city support and this morning county support for the McKinley Park Aquatic Center Phase project Both were needed for a Community Attraction and Tourism grant application,0,0,1,0,en,Twitter Web App,,FALSE,21/04/2009,"Creston, Iowa"
23/08/2021,Phase Trump reversing all the globalists policies and agendas complete Phase Let them steal the election give them time in office to prove Trump was right for mass awakening almost complete Phase,0,0,1,0,en,Twitter for Android,,FALSE,27/04/2020,"Inman, SC"
23/08/2021,If a different actor playing the same role in the MCU means they re a multiverse counterpart does that mean that none of the Phase movies are canon,1,0,0,0,en,Twitter Web App,,FALSE,13/08/2020,
23/08/2021,BOLNewsOfficial KElectricPk JusticeGulzar PakPMO Hammad Azhar NepraPakistan geonews urdu Supply off since PM still not restore Ahsanabad phase sector KDA scheme Feeder name Kaka Khail CAT CVHL,1,1,0,0,en,Twitter for Android,,FALSE,22/04/2014,
23/08/2021,YAB Perdana Menteri Dato Sri Ismail Sabri di iringi Pesuruhjaya PAS Kedah Senator Ahmad Yahya ke Pejabat Menteri Menteri Besar Kedah bertemu YAB Haji Muhammad Sanusi Md Nor Menteri Besar Kedah Kedah Sejahtera Nikmat Untuk Semua KeluargaMalaysia IslamPerkukuhPerpaduan,1,17,71,1,in,Twitter for Android,"['KeluargaMalaysia', 'IslamPerkukuhPerpaduan']",FALSE,30/03/2020,"Pendang, Kedah"
23/08/2021,Naqib Bro They kerja kuat ini Mesti respect Parit sulong tu kat Johor pun pi ke kedah dia ni care pada rakyat,0,1,5,0,in,Twitter for iPhone,,FALSE,12/05/2018,"Petaling Jaya, Selangor"
23/08/2021,NammaBESCOM BescomHelpline It s been almost an hour there s no power in Phase MCECHS Layout Dr Shivaram Karanth Nagar Bengaluru My contact number is,1,0,0,0,en,Twitter Web App,,FALSE,25/02/2010,
23/08/2021,KamexVGM unicornioattac Phase song Concrete shadow s Phase Corrupted Noreaster Phase shadows of evil still thinking on that one Phase Black ice,0,0,1,0,en,Twitter Web App,,FALSE,30/04/2018,
23/08/2021,Happy monday Y all have a safe Bless healthy amp productive week yrs ago I was doing Phase of this project months ago I got the notificacion that Phase contract was mine amp here we are bless amp thankful God is Great,1,0,7,0,en,Twitter for iPhone,,FALSE,31/07/2021,"Denver, CO"
23/08/2021,Bookmark this tweet very soon Lekki phase will be better than phase,1,0,1,0,en,Twitter for iPhone,,FALSE,04/09/2011,Westeros
23/08/2021,THIS IAN NEVER SHUTTING UP AH BALIK KEDAH SANA LA,0,0,0,0,en,Twitter for iPhone,,FALSE,27/01/2021,dont follow | 20
23/08/2021,FrapartJacques AlexDevecchio de en plus tel point que le labo Moderna a annonc d buter une phase d essais cliniques pour un vaccin contre le VIH bas sur la technologie ARN messager Et qu nombre de scientifiques n excluen,0,0,0,0,fr,Twitter Web App,,FALSE,29/06/2011,
23/08/2021,AREAJULID Abi mah mundur saur mamah kedah jng nu salevel,0,0,0,0,in,Twitter for iPhone,,FALSE,07/03/2020,Indonesia
23/08/2021,TheBg For sure I think they finally have enough live action characters with enough backstories to do it Very much like the phase movies before the first Avengers movie,0,0,0,0,en,Twitter for Android,,FALSE,27/10/2013,
23/08/2021,amamijan Mira buat handmade craft boleh check dekat shopee mirrajanedoe Selain tu part time home baker di jitra kedah Habis office hour ini la keja mira Sehari keja demi utk kelangsungan hidup dgn anak anak meow amp saving utk masa depan,0,1,21,0,in,Twitter for Android,,FALSE,26/12/2011,√Ålfheimr 
23/08/2021,Dear Ehsaas Scholarship Recipients Please note that all the recipients of Ehsaas scholarship phase and phase are not required to submit the fees Stipend of Phase second instalment could be collected after,1,0,1,0,en,Twitter for Android,,FALSE,08/09/2020,"Karachi, Pakistan"
23/08/2021,job Botanist Job Ecologist We are looking for a botanist to join our team in South Wales You will be able to carry out a range of habitat related work focused on Preliminary Ecological Appraisal extended Phase habitat surveys The ability to car,0,0,0,0,en,IFTTT,['job'],FALSE,25/06/2013,Global
23/08/2021,Once the passive income from phase covers living costs move onto phase building a portfolio of higher risk longer term wealth generating bets SaaS ecommerce media companies etc,1,0,1,0,en,Twitter Web App,,FALSE,21/07/2011,United Kingdom üá¨üáß
23/08/2021,CakeBNB Phase RoadMap Steps Pre planning Testing contract Website launch Social Media k Telegram members Presale launch CG amp CMC listing Poocoin Ads Influencer marketing BSC BSCGems CAKE CakeBNB BNB babycake crypto doge,0,0,0,0,en,Twitter Web App,"['BSC', 'BSCGems', 'CakeBNB', 'babycake', 'crypto', 'doge']",FALSE,11/11/2020,
23/08/2021,TopPro Management legal counsel and Monday Yakubu Heartland Football Club Right Back with TopPro Management CEO Ayodele Thomas at Lekki Phase headquarters lmc NFF sporttoppro sportsbiz Kelechukwu,0,0,0,0,en,Instagram,"['lmc', 'NFF', 'sporttoppro', 'sportsbiz', 'Kelechukwu10']",FALSE,13/02/2009,Nigeria
23/08/2021,iwunnnnn Kedah,0,0,1,0,in,Twitter for Android,,FALSE,10/11/2020,"Kedah, Malaysia"
23/08/2021,MarcinMikus Keech C et al Phase trial of a SARS CoV recombinant spike protein nanoparticle vaccine N Engl J Med,1,0,0,0,fr,Twitter for iPhone,,FALSE,02/04/2013,"Incline Village, NV"
23/08/2021,Pegi yan kedah pun naik jet kerajaan Hahahahhahaha kau taw tak highway tu kosong,0,0,0,0,in,Twitter for Android,,FALSE,20/01/2011,"Pinang, Malaysia"
23/08/2021,Tattoo de la matin e bras complet en cours th me japonais phase la main avec un petit diable tattoo int rieur cheyennetattooequipement borismottetatootibo japantattoo,0,0,0,0,fr,Instagram,"['tattoo', 'int√©rieur', 'cheyennetattooequipement', 'borismottetatootibo', 'japantattoo']",FALSE,28/11/2013,
23/08/2021,Aku mmg tak follow mmg org kedah tp hang makan buleh bg elok skit dak Hat lakiiii pun nakram kayu isok ni org komplen dok kata tu sumber rezeki smbil reyau bukan makan ja cap cap reyau pun sama neik cap cap jugak mampuihhh,0,2,3,1,in,Twitter for iPhone,,FALSE,30/10/2009,malaysia
23/08/2021,JKyadavInd anuraagmuskaan,1,0,0,0,hi,Twitter for Android,,FALSE,31/10/2011,"Uttar Pradesh, India"
23/08/2021,Just wanna share that i used to live in Ampang so dulu sekolah rendah dkt sana Masuk highschool baru pindah Kedah so it has been yearsss since I ve even met my friends dkt Ampang but they are very supportive in me doing arts More than my friends dkt Kedah so agak terharu,0,0,6,0,en,Twitter for Android,,FALSE,18/04/2019,
23/08/2021,Nii confirm ada orang kedah sengaja follow PM pastu nanti dia dapat balik kampung dekat kedah Confirm punya confirm,0,0,1,0,in,Twitter for iPhone,,FALSE,03/03/2017,
23/08/2021,Lejen of Jitra jitra Kedah,1,0,6,0,en,Twitter for Android,"['Jitra', 'jitra', 'Kedah']",FALSE,08/07/2018,"Jitra, Kedah"
23/08/2021,Lagi satu kebodohan yg dipamerkan Org tu tak kcau org negeri lain tetiba kau yg berlokasikan Alor Setar Kedah ni pulak yg menggelupur dasar Antivaks Otak tersumbat Eh silap Kau mne ade otak Tu benak semacam Ke padang mahsyar pulak kau meleweh,1,0,0,0,in,Twitter for Android,,FALSE,02/04/2011,"Central Region, Singapore"
23/08/2021,It s official BellaireHigh Phase new academic fine arts and physical education wings is NOW OPEN Bright amp spacious What a beauty Can t wait see Phase next year Bond HoustonISD m squaredBHS BuildingaLegacy,0,10,36,3,en,Twitter for Android,"['2012Bond', 'BuildingaLegacy']",FALSE,21/08/2017,"Houston, TX"
23/08/2021,skinstweeter I remember when phase trials started last year some year old kid from the UK said he volunteered because it meant saving lives I was floored about how heroic a statement it was,1,0,0,0,en,Twitter for iPhone,,FALSE,25/03/2010,"Georgia, United States"
23/08/2021,WashoutGuy Never Most drugs don t get approved at all actually The ones that do it takes about a decade to compete phase amp before they get the green light,2,0,1,0,en,Twitter for iPhone,,FALSE,31/12/2013,Montr√©al
23/08/2021,sydneyNKgriede Tim Stevens Several years worth of IND lab work was compressed turning several years into six months One year of phase two years of phase and three years of phase were essentially skipped with this approved There may not be,0,0,0,0,en,Twitter for Android,,FALSE,20/10/2018,"Indianapolis, IN"
23/08/2021,TheKiffness In fact in clinical research there was a period where no new compounds were actively being developed as it was significantly cheaper to find new applications for drugs that already had been approved following successful phase clinical,2,0,4,0,en,Twitter Web App,,FALSE,30/05/2021,
23/08/2021,Petak bontot waknat Dusun Resort Kuala Nerang Kedah in Kuala Nerang Kedah,0,0,0,0,in,Foursquare,,FALSE,02/11/2011,"Rembau, Negeri Sembilan"
23/08/2021,Selangor makin kurang kes Kedah pulak dok maintain Semoga cepat lah kurang kes wahai kedah Vaksin kasi laju lagi kamon boyy,0,0,0,0,in,Twitter for Android,,FALSE,30/10/2012,Malaysia
23/08/2021,HALB This will be a dollar before phase starts Believe that,0,1,4,0,en,StockTwits Web,,FALSE,14/06/2020,"Lemoore, CA"
23/08/2021,MadiMcG justinleiby LotusFantasy LobieOne Me llamo Catz Zipp US FDA Yes starting phase in like March of this reported death was in December of The article you posted is literally from April and said that they were n,1,0,3,0,en,Twitter for iPhone,,FALSE,23/08/2019,
23/08/2021,arrington that vaccine is a debacle if it worked you wouldn t have gotten sick period in fact most people in Israel who got the coronavirus were vaccinated i have the data it s clear drug vaccine is supposed to take years for clinical phase,0,0,0,0,en,Twitter Web App,,FALSE,23/02/2021,
23/08/2021,dorsetphoto JLP SawyerMerritt Berlin phase is double the output of Shanghai phase Texas is likely a little more than Berlin,0,0,3,0,en,Twitter for iPhone,,FALSE,14/04/2018,"Grimsby, England"
23/08/2021,You can draw it bake it or make it all original creations of your favorite vehicle in the verse are welcome in Phase of SCShipShowdown As an added bonus we ll also award a handful of outstanding submissions a free Origin i Details,5,31,171,3,en,Twitter Web App,['SCShipShowdown'],TRUE,05/09/2012,Roberts Space Industries
23/08/2021,Footholder Black Action Phase to NDA is usually around YEARS Not months like with the pfizer vaccine,0,0,0,0,en,Twitter for iPhone,,FALSE,21/03/2019,
23/08/2021,InfoRakyatKini bas jayakan MOVAK di Perlis Kedah Pulau Pinang more MalaysiaPrihatin MalaysiaSejahtera,0,0,0,0,in,IFTTT,"['MalaysiaPrihatin', 'MalaysiaSejahtera']",FALSE,12/05/2021,
23/08/2021,fowkc john dugganj AlisonW AlanB cashandcarrots rhd afeduptaxpayer NickCooperative NigelSarbutts RPMarks RogerDrew BRCWCo HStheTruth cynicalkind lordofdisorder SimonZev penny traitor LuciferSide Beeron barspence HSDead,2,1,3,0,en,Twitter Web App,['HS2'],FALSE,05/09/2012,
23/08/2021,Alhamdulillah selesai sudah misi di Yan Kedah Gonna miss Yan so much sedih sebab tak sempat snap everything for the experience and memories,0,0,0,0,in,Twitter for Android,,FALSE,13/12/2017,Malaysia
23/08/2021,DJ Ed Kedah GT Boyz Penyayi aku budak girl Munir Phynen Ballerz Shazzy Rapper Rapper Ikan ixine,0,0,0,0,in,Twitter for Android,,FALSE,29/04/2010,Malaysia
23/08/2021,qcapital LTRN quick breakdown Oncology focused RADR AI system that targets candidates best suited for best results Enough cash flow til one drug in phase one in phase several others in pre clinical market cap M all clinical da,1,0,1,0,en,Twitter for iPhone,,FALSE,30/07/2020,USA
23/08/2021,Shang Chi delivers a unique superhero experience and easily stands out as one of the best MCU origin stories since Phase Full review ShangChi,0,5,7,0,en,Twitter Web App,['ShangChi'],FALSE,19/07/2010,Washington DC ‚Ä¢ Northern Va
23/08/2021,BWGovernment Ignoring the poor arithmetic phase abc and phase a together are today s tally indicates they must be getting close to moving to phase b Anyone,1,0,1,0,en,Twitter for iPhone,,FALSE,15/12/2012,"Kampala, Uganda"
23/08/2021,RDnd CoryG Rothbard Flu vax is approved around that fast every year Plus its been way over months at this point Phase trials started in march of Its been a year and a half,0,0,0,0,en,Twitter Web App,,FALSE,24/06/2008,Chattanooga
23/08/2021,Mandatory gold hallmarking has come into force from June in a phased manner The government has identified districts from states and union territories for phase implementation,0,3,14,0,en,TweetDeck,,TRUE,13/05/2009,
23/08/2021,maybe I should I just pull an all nighter to finish phase but malas rip esk,0,0,0,0,en,Twitter for Android,,FALSE,16/12/2020,üá≤üáæ 
23/08/2021,hafizkenny Official seluruh negeri kedah turun ke ni,0,0,0,0,in,Twitter for Android,,FALSE,23/08/2014,Hulu Selangor
23/08/2021,Rombongan menteri ke kampung pisang jumpe kak limah Tp kene g kedah dulu amek gmbr letak kt portfolio konon buat keje Barulah dpt job berlakon Berlakon untuk rakyat,0,0,0,0,in,Twitter for iPhone,,FALSE,30/06/2013,MALAYO-POLYNESIA
23/08/2021,StephenJack Still a two dose regimen but the amounts needed are lower as in phase trials robust antibody responses occurred with lower doses,1,0,1,0,en,Twitter Web App,,TRUE,13/10/2019,"Minneapolis, MN"
23/08/2021,INISIATIF PUSPANITA KBS bersama RAKAN MUDA Kami mengalukan sumbangan anda dalam bentuk barangan atau wang tunai Ayuh kita menyumbang kepada mangsa bencana di Yan Kedah Bersama kita berpadu tenaga meringankan beban kepada mangsa yang terlibat Susah senang dikongsi bersama,0,0,1,0,in,Twitter for iPhone,,FALSE,19/06/2013,Putrajaya
23/08/2021,ComicsBookcase I m pretty confused It sounds like the current books are still only phase of a three phase outline Is the line continuing on the planned path or just sort of straying from that,1,0,0,0,en,Twitter for iPhone,,FALSE,09/02/2009,"Washington, DC"
23/08/2021,Ni kweli hayo yote yanahitajika kwa muda mfupi kiasi hiki Kwa nini wasipunguze kwanza gharama ya hizi Tozo ikawa kiasi kidogo ambacho mtu akichangia hawezi kufeel maumivu kivile na huu ujenzi wa madarasa na vituo vya Afya na madarasa wakaufanya uende kwa phases yaani phase,1,0,1,0,in,Twitter for Android,,FALSE,11/03/2021,"Dar es Salaam, Tanzania"
23/08/2021,Baik sungguh MP negeri lain tu follow sekali Concern betul korang eh Kalau MP Kedah mungkin boleh faham lah Yang Pasir Salak tu ikut buat apa Nak turun tangga plane pun pegang dua tangan Next GE takyah tanding lah,0,0,1,0,in,Twitter for iPhone,,FALSE,25/06/2012,
23/08/2021,Phase when we really have clarity of purpose it enables us to succeed at our endeavor,0,0,0,0,en,Twitter for Android,,FALSE,01/11/2014,
23/08/2021,yayahf Sik dekat kedah lahh,1,0,0,0,in,Twitter for iPhone,,FALSE,29/03/2012,Tg Malim | Jerteh
23/08/2021,Crabman PCHARBONNEL Framboisine Ben c est vrai on devrait tester un m dia en phase rempla ant le traitement habituel c est bien moins risqu qu un vaccin de phase Et ce bien s r sans aucunes tudes potable prouvant une quelquonque a,1,0,0,0,fr,Twitter Web App,,FALSE,19/02/2013,
23/08/2021,Ala isu kasar dengan foreigner ni bukan bende baru Cumanya based on my personal experiences memang ada foreigner yang layak kene layan kasar ada yang tidak sama juga dengan orang kelantan orang johor orang kedah orang perlis orang kl orang selangor dan semua yang namanya ORANG,1,0,0,0,in,Twitter for Android,,FALSE,11/01/2013,Malaysia
23/08/2021,Ye PM kita ada tu bodoh tak cerdik kata orang Rakyat kedah yang buat billboard ni pun boleh tahan bodoh juga tengah bencana billboard pebenda nya,0,0,3,0,in,Twitter for Android,,FALSE,08/08/2013,
23/08/2021,DzulDND mhidayatullah Depa dah kena sound dgn orang kedah,1,0,0,0,in,Twitter for iPhone,,FALSE,27/07/2012,"Baling, Kedah"
23/08/2021,Masa naik TPM buat gini naik PM pun buat gini Pergi kedah tengok kawasan bencana pun ada banner besar muka dia siap khemah Firasat aku mengatakan mail dafi suka kena bodek Perangai umno totok,0,1,0,0,in,Twitter for iPhone,,FALSE,09/05/2009,Malaysia üá≤üáæ
23/08/2021,alieny unless that is the super powers are gonna be fun and are still to come we re only in phase,1,0,1,0,en,Twitter Web App,,FALSE,05/02/2021,Dutch Dino living in Portugal
23/08/2021,Kucing Hilang Mohon pertolongan Kucing Saya hilang hari sabtu hilang di taman widuri sg petani Kedah Saya harap andai ada warga sg petani baca Bantu Saya Saya tak boleh bayang hidup dia di Luar Dia kucing indoor jarang main di luar War,0,0,0,0,in,IFTTT,,FALSE,14/01/2021,
23/08/2021,normiswary Ini hanya untuk pergi Kedah,1,0,5,0,in,Twitter for iPhone,,FALSE,20/07/2011,"Petaling Jaya, Selangor"
23/08/2021,RR Gust Kedah e Radi seger,0,0,1,0,in,Twitter for Android,,FALSE,06/06/2019,"Tulang Bawang, Lampung"
23/08/2021,Urusan negeri kedah biar YB Sanusi uruskan Ada je akai nak perabih duit rakyat,1,2,2,0,in,Twitter for iPhone,,FALSE,16/04/2014,
23/08/2021,Sanusi is a diligent amp humble chief minister of Kedah I don t think he meant to insult anyone regarding the joke on container for dead bodies It was totally taken out of context,0,0,0,0,en,Twitter Web App,,FALSE,22/08/2017,
23/08/2021,Puaih betui dengaq tunku cakap melayu kedah dia pekat nokharom aku pun kalah,0,1,0,0,in,Twitter for iPhone,,FALSE,21/02/2014,"Jitra, Kedah"
23/08/2021,Hello pakcik mail The first thing you should have done it wear a full ppv outfit like all our frontlines and go into the worse covid hit patients ward and visit them and hulur bantuan for them and their families Kedah the mr Hendry Ford can jaga lah Come on listen,0,0,1,0,en,Twitter for iPhone,,FALSE,25/02/2018,Malaysia
23/08/2021,Kedah na mah abi ayeuna teh tos S T tapi abi na panas tiris diundur weh S T na,2,0,0,0,in,Twitter for Android,,FALSE,31/12/2011,vrindavan
23/08/2021,The past and the future are important BUT Why don t we focus on keeping ourselves happy in the present Alice Alor Setar Kedah,0,0,1,0,en,Instagram,,FALSE,05/11/2018,Kuala Lumpur
23/08/2021,aku rasa lembut ja tuu mai makcik kedah cakap dah qeyau paa,0,0,0,0,in,Twitter for Android,,FALSE,15/04/2019,
23/08/2021,kitkatmiao I counted it is exactly Stupid waste of resources Such a thing could be handled by Kedah MB We have more pressing issues such as COVID It is obvious the PM made a popular trip to the flood site and got booed IsmailSabri wake u,0,0,2,0,en,Twitter Web App,,FALSE,12/04/2021,
23/08/2021,Hahahaha Jackpot Rakyat berhimpun ikut SOP Tiada kluster Sekali PM mai terus SOP kelaut PM tak tau ka di Kedah ni kes tinggi Tak ada orang yg kebal COVID lagi setakat ni COVID tak kena PM atau Rakyat biasa utk serang amp berjangkit,0,0,0,0,in,Twitter for iPhone,,FALSE,26/07/2010,"Kuala Lumpur, Malaysia"
23/08/2021,Tapi kena dua dos vaksin tau sbb tu antara main priority from the organization especially yg dari luar Kedah,0,0,0,0,in,Twitter for iPhone,,FALSE,02/07/2011,Perak
23/08/2021,Actually kalau la ismail sabri dtg kedah xdak majlis gah sinsing lengan turun padang xpayah bawak geng dan jaga sop mesti dia akan menyangkal segala stereotypes dan buat orang have faith in him The thing about first impressions is that you only get it once,0,47,91,3,in,Twitter for iPhone,,FALSE,18/09/2009,"Kuala Lumpur, Malaysia"
23/08/2021,shah Post dgn cucu today next sampai dh dia kat Kedah tgk mangsa banjir right Not good timing but yet he s doing his job Post tkde pape pun act saja nak bitter That s just malaysian citizen facts,3,0,2,0,in,Twitter for iPhone,,FALSE,23/07/2018,"Selangor, Malaysia"
23/08/2021,Commenc en lorsque Patrick Bizindavyi avait amen l expert Eug ne Pehoua Pelema ce camp d entra nement est le deuxi me organis au Burundi et l organisation Phase compte d velopper cette initiative pour le long terme avec la cr ation de cette cole du Basketball,0,0,1,0,fr,Twitter Web App,"['Eug√®ne_Pehoua_Pelema', 'Burundi', 'Phase']",FALSE,22/02/2020,
23/08/2021,RepSwalwell Take away legal protections from big pharma and I will get it Oh wait if that happened nobody would be able to get it because it would be in back in phase trials,0,0,0,0,en,Twitter for Android,,FALSE,15/04/2021,
23/08/2021,PASPusat Bg pengajaran sikit lah kpd MB kedah tu Yg test drive tu Menteri sawit jugak ye enggan kuarantine diri,0,0,0,0,in,Twitter for Android,,FALSE,13/05/2018,
23/08/2021,Nak e mel gambar PM dan orang orang tak patuh SOP di Kedah boleh ke Dr Manalah tahu tak sampai ke pengetahuan Dr lagi,1,0,8,0,in,Twitter for iPhone,,FALSE,20/06/2018,"Perak, Malaysia"
23/08/2021,Phase Deer in the headlights Phase Oh no Idk what to say Phase Laugh,31,97,989,2,en,Twitter Web App,,TRUE,31/10/2015,"Nashville, USA"
23/08/2021,CNBCnow As soon as legal protections are taken away from big pharma I will get it This has always been the big hurdle for me If they were taken away I guarantee this would be back in phase trials,0,0,2,0,en,Twitter for Android,,FALSE,15/04/2021,
23/08/2021,I m looking for people who collect donation for affected ones in Kedah due to the Banjir Kepala air Pls rt this,0,6,1,1,en,Twitter for iPhone,,FALSE,12/07/2018,"Putrajaya, Putrajaya Federal Territory"
23/08/2021,salwaazaki aihh mesti hat yang kedah tu,1,0,0,0,in,Twitter for iPhone,,FALSE,16/04/2014,
23/08/2021,Perdana Menteri Datuk Seri Ismail Yaakob hari ini mengumumkan bantuan segera berjumlah RM juta bagi membantu kerajaan negeri Kedah memperbaiki segala kemudahan awam dan infrastruktur di Yan dan Merbok KELANTANfm penuhicitarasaanda LindungDiriLindungSemua MenangBersama,0,0,0,0,in,Twitter for iPhone,"['KELANTANfm', 'penuhicitarasaanda', 'LindungDiriLindungSemua', 'MenangBersama']",FALSE,21/01/2018,"Kota Bharu, Kelantan"
23/08/2021,Harmony is getting a Nostalgic pixel art themed DEX and NFT marketplace called DefiKingdoms Check out their phase release below Docs amp Roadmap,6,10,54,4,en,Twitter Web App,['Nostalgic'],FALSE,01/02/2021,USA
23/08/2021,We recently completed Phase of an infrastructure project to revitalize and rebuild Downtown Far Rockaway Phase is now underway and is anticipated to be completed on time as well months from now Learn more,0,0,0,0,en,Twitter Web App,,TRUE,07/01/2013,New York City
23/08/2021,Hang bayangkan orang kampung pun tau pasal SOP PM dan entourage dia tak tau pasal SOP Ni ka kepimpinan melalui tauladan Apa pun tahniah rakyat kedah tak takut sound pemimpin,0,6,9,0,in,Twitter for iPhone,,FALSE,18/12/2010,Malaysia
23/08/2021,RNAiAnalyst is Tril a Phase Biotech,0,0,0,0,en,Twitter for iPhone,,FALSE,12/12/2011,Schweiz
23/08/2021,rina arynnnn kedah and stay kedah and tahun depan baru stay perak,1,0,1,0,in,Twitter for iPhone,,FALSE,12/07/2019,
23/08/2021,Standard vaccine approval takes to years Steps of vaccine development Exploratory years Pre Clinical years IND Application FDA approves this then Phase Trials Test group Phase Trials Test group hundreds Phase Trials Test to,0,0,1,0,en,Twitter for Android,,FALSE,28/06/2012,
23/08/2021,atleastiknowi Anyway I m not going to wait six months waiting until we know everything for certain What is certain is that my daughter will be infected during that time After phase we know things pretty damn close to certain,1,0,3,0,en,Twitter for iPad,,FALSE,04/02/2011,"Portland, OR"
23/08/2021,akmalnasir Terbaik UMNO dan taklimat sblm sampai kedah utk bantuan banjir bkn order mkn nasi beriyani pun sekadar jamu sedikit n terus buat kje bila sampai,0,0,0,0,in,Twitter for iPhone,,FALSE,29/08/2012,
23/08/2021,AVAX investit M pour attirer des protocoles DeFi AAVE et CRV feront partie de la phase AVAX AAVE CRV,0,0,0,0,fr,Twitter Web App,"['CRV', 'AVAX', 'AAVE', 'CRV']",FALSE,28/11/2019,"Charleroi, Belgium"
23/08/2021,Betui pnya perbarisan kemerdekaan ni Kedah tuan rumah tahun ni na,1,1,0,0,in,Twitter for Android,,FALSE,20/07/2011,"Seremban, Malaysia"
23/08/2021,Selain balik kampung aku nak juga gi Kedah visit family angkat kat sana once dah boleh merentas negeri,0,0,0,0,in,Twitter Web App,,FALSE,29/04/2010,earth as a sphere
23/08/2021,Nice to try to use this but hasn t still passed phase or testing only gives the government the narrative they want to use,0,0,0,0,en,Twitter for iPhone,,FALSE,17/01/2017,
23/08/2021,luisyea bismillah done thankyou for doing this GA may god repay your kindness and may god bless you always semoga awk dimurahkan rezeki dn sentiasa sihat dn juga dipermudahkan segala urusan im from Kedah and my bias is JHope jimins,0,1,2,0,in,Twitter for iPhone,,FALSE,20/02/2020,she/her üá≤üáæ
23/08/2021,Rasa bersalah betul masih tak call family angkat kt Yan sana Coincidentally beberapa hari sebelum tragedi kt Kedah tu jadi diorg call aku tanya khabar minggu lepas,2,0,1,0,in,Twitter Web App,,FALSE,29/04/2010,earth as a sphere
23/08/2021,Barrett When do they start phase clinical trials in the US,2,0,0,0,en,Twitter for iPhone,,FALSE,25/06/2021,United States
23/08/2021,rijedaim tdog GretaLWall OANN Do you have a source that they skipped all of the clinical trials Because part of the EUA is to have the Phase and Phase trials completed with Phase in progress Do you have a source for lack of control group,0,0,0,0,en,Twitter for Android,,FALSE,04/12/2020,Bunker
23/08/2021,RousseauPhili arikouts poulpimat videment ci joint le lien Les vaccins ARN ont t test s sur au moins quatre virus le Zika Mais ces essais cliniques n ont pas d pass la phase ce qui limite le recu,1,0,0,0,fr,Twitter for iPhone,,FALSE,24/02/2021,
23/08/2021,fadhilahere Saya bukan orang kedah,0,0,0,0,in,Twitter for Android,,FALSE,05/10/2019,In the middle of nowhere
23/08/2021,My mum tell me people with doses can cross states already doesnt matter phase or Is it true Or bogus,0,0,0,0,en,Twitter for iPhone,,FALSE,31/07/2017,
23/08/2021,lePlaymobil Shikatamo Benalla Phase Mais aussi pour d tecter des effets sur plus de personnes safety,2,0,2,0,fr,Twitter Web App,,FALSE,25/02/2016,
23/08/2021,vanillahnydew Nak tanya you stay kat kedah jugak ke,1,0,0,0,in,Twitter for Android,,FALSE,13/12/2020,"jeongland, INFP-T"
23/08/2021,The afterlunchpod MCU panel thelizzietea paxtonholley Spidey and me wraps up Phase with an in depth discussion of the improbably excellent Marvel mash up film The Avengers,6,4,6,1,en,Twitter for iPhone,,FALSE,03/11/2009,"Saint Paul, MN"
23/08/2021,Tailong sampai YAN kedah Yang sampai biji duk ikut tu pasai pa Dah macam berkonvoi pula dah Hebat Perdana Menteri UMNO ni Ini SOP tak salah tau,4,27,29,2,in,Twitter for Android,,FALSE,17/09/2011,"Johore, Malaysia"
23/08/2021,allthatyazzz mehdirhasan Hi Tony normal protocol for a drug or vaccine is years with phase testing I have a survival based on my age and not being obese like yourself And then there s that think where the vaxxed still get covid and d,1,1,2,0,en,Twitter for iPhone,,FALSE,19/12/2009,
23/08/2021,DHZ Hmmmm kedah serata serataa,1,0,0,0,in,Twitter for Android,,FALSE,14/12/2016,"Johore, Malaysia"
23/08/2021,Okay Butter bei die Fische Mit dem Einschlag von Corona in Deutschland begann meine dritte Phase auf der Horror Reise durch das Berliner Sozialsystem Phase Unterbringung und berwachung eines freien B rgers und Journos in einem sozial schwierigen Wohnheim ohne jede,1,0,0,0,de,Twitter for iPhone,,FALSE,09/12/2015,"Charlottenburg, Berlin"
23/08/2021,Soalan Datuk Seri ini kerajaan PN atau BN PM Kerajaan Malaysia Ogos Yan Kedah Kabinet dalam minggu ini kata Ismail Sabri,0,0,1,0,in,Twitter for Android,,FALSE,18/04/2009,Kuala Lumpur
23/08/2021,raypreve Not just kedah this problem is happening at the whole country Contohnya aku daftar dari bulan apa pun tak dapat adik aku daftar last month tapi dh dapat Padahal aku ni essential worker adik aku tk kerja and just duduk rumah Aku taktau,2,0,1,0,in,Twitter for iPhone,,FALSE,01/07/2010,"Kajang, Selangor"
23/08/2021,Honda City IVTEC Model Used st Owner Car For Sale In DHA Phase via YouTube,0,0,0,0,en,Twitter Web App,,FALSE,13/08/2021,
23/08/2021,Before selecting a camera you need to determine what features are required to meet your application needs Learn how to choose the best K Camera for your application in this article machinevision Kcamera imaging automation,0,0,1,1,en,eClincher,"['machinevision', '4Kcamera', 'imaging', 'automation']",FALSE,08/06/2010,New York
23/08/2021,Wld PackM F phase gt phase,0,0,0,0,en,Twitter for iPhone,,FALSE,28/11/2014,"Lille, France"
23/08/2021,seramai anggota sukarelawan Khidmat Malaysia dari Johor Terima kasih YB Sen Ustaz Ahmad Yahya PJ PAS Kedah Ust Mussodak Ahmad SU PAS Kedah dan para pimpinan yang menerima rombongan kami tadi,0,4,13,0,in,Twitter for Android,,FALSE,17/11/2011,"Kuala Lumpur, Malaysia"
23/08/2021,Alhamdulillah turun ke Guar Chempedak Kedah pagi tadi untuk menghantar sumbangan dan mendapatkan perkembangan terkini bencana banjir di sana Saya hadir bersama YB Ustaz Mohd Yusni Mat Piah sdr Mohd Aafiffuddin Ir Azhar Sdr Norazman Ishak serta Iqbal Ghani Mohd Sanusi,2,7,22,1,in,Twitter for Android,,FALSE,17/11/2011,"Kuala Lumpur, Malaysia"
23/08/2021,link at start of this thread it is being submitted for approval the financing of Phase of the Program for Investment Project Financing operations under the SPRP for countries across the world The countries are Afghanistan Argentina Cabo Verde Cambodia,1,0,0,0,en,Twitter Web App,,FALSE,14/08/2008,
23/08/2021,Jalan dekat Yan Kedah ni memang one way lane ke Ohhh macam ni jalan dekat Yan ya Ohhhhhhhh Dalam ramai yg datang ni sekor pun tak guna Dah la orang kena bg jalan sampai makan lane,0,0,0,0,in,Twitter for iPhone,,FALSE,12/02/2012,Malaysia
23/08/2021,kelatedaily TunCarlos irwanserigar Si MB kedah Beli Ford Raptor tu apa Bodoh Alabama Of Malaysia,1,0,1,0,in,Twitter for Android,,FALSE,09/08/2020,
23/08/2021,KKMPutrajaya Boleh dah push vaccine untuk other states Sabah dah teruk Johor Kedah Penang Perak semua dah teruk kes menggila Mostly yg kena pun belum vaccinated,0,0,4,0,in,Twitter for Android,,FALSE,10/05/2015,"Manchester, England"
23/08/2021,Wld PackM Non pas du tout mais j sais que t avais dit la derni re fois que toi tu pr f rais les deux de la phase il me semble mais bref s rieusement chez bmw j arrive pas voir une phase plus belle qu une phase,1,0,0,0,fr,Twitter for iPhone,,FALSE,24/10/2020,
23/08/2021,Vimelhaha Depa semua ni agensi kerajaan yg ada kt kedah utk brief pm la tu,0,0,0,0,in,Twitter for iPhone,,FALSE,09/11/2011,Seri Kembangan
23/08/2021,The current folks profiting off Web are the same folks that profited off Web This fall we re launching a product whose mission is to change that The long term goal is to bring culture and actual flavor to the Blockchain can t wait to unveil phase this Fall,0,0,3,0,en,Twitter for iPhone,,FALSE,21/01/2009,ü•Ø NJ üåê www.AdrianGrant.org
23/08/2021,lcsmxms FakeSufianAbas Muat ke kontena kat kedah tu ramai gini,0,0,0,0,in,Twitter for Android,,FALSE,28/05/2011,Lemuria
23/08/2021,Dude You need cars to go Kedah ah His Majesty doesn t even require this many vehicles in his convoy IsmailSabri already wasting taxpayer dollars KerajaanGagal,3,1,5,1,en,Twitter for Android,['KerajaanGagal2'],FALSE,21/12/2020,
23/08/2021,luisyea Idaathr ARMY Hi thank you for GA My bias is OT and I From Kedah sorry tag you Syaliza along tomorrowsnia rashviah,0,0,4,0,en,Twitter for Android,,FALSE,30/08/2015,Malaysia
23/08/2021,ninjahattori Nanti aq suruh family mart jangan bukak Kat kedah smpai bila,1,0,0,0,in,Twitter for Android,,FALSE,03/11/2017,"Selangor, Malaysia"
23/08/2021,DawnGoodsell SenThomTillis What sped up the trials was allowing them to occur concurrently rather than consecutively It still went through the same process of phase trials etc,1,0,1,0,en,Twitter for iPhone,,FALSE,13/08/2020,
23/08/2021,hye ramai btul moots bru HAHAHHA nama ai kamelia pggil kamel I tahun duduk penang sek kedah jgn tnya knp ai mmg suka rentas negeri niy ouh anyway tak single mcm piqah rawr,3,0,4,0,in,Twitter for Android,,FALSE,10/05/2020,üá≤üáæ she/her 
23/08/2021,SarveshRama PM s trip to Kedah,0,0,0,0,en,Twitter Web App,,FALSE,29/02/2020,
23/08/2021,PuddingSwap Lendoo finance FansForceNFT NFTGameplatform RoolendFinance ShouYiAI SamecoinCom NftHero It s just phase if your favorite project isn t on the list maybe it can become Unicorn in the next phase,2,4,9,0,en,Twitter Web App,,FALSE,16/04/2021,Moon
23/08/2021,US FDA Just as soon as legal protections are taken away from big pharma I will take your vaccine I guarantee that if protection was taken away they would immediately pull it and put it in phase trials,0,0,0,0,en,Twitter for Android,,FALSE,15/04/2021,
23/08/2021,Muhamma Hydropower Projects By PTI Govt Basha Dam MW Mohmand Dam MW Dasu HPP Phase MW Tarbela Dam Extension MW Kohala HPP MW Azad Pattan HPP MW Total MW,1,0,0,0,in,Twitter Web App,,FALSE,20/04/2016,
23/08/2021,Dan ini pula artikel yang disiarkan oleh bharianmy menyebut Jambatan Tupah yang rosak akibat dihentam kayu balak yang hanyut Kenyataan MB Kedah sebut lain artikel berita BH pula lain siapa yang benar ni,0,0,2,0,in,Twitter for Android,,FALSE,11/08/2014,
23/08/2021,Real Malaysians are suffering While the new government is having a party in Kedah Leading by example,0,0,0,0,en,Twitter Web App,,FALSE,05/03/2011,
23/08/2021,mohamad ash Haha banyak duit org Kedah ni,0,0,0,0,in,Twitter for Android,,FALSE,29/07/2009,Puchong
23/08/2021,The SUNI Starbase Universe White Paper is a solid project Still in Phase of the Roadmap a good time to invest It supports investment in clean energy Also SUNI HOLDERs get a share of the cut fees BTC ETH DOGE SHIB SOL SRM ADA AVAX RYOSHI XRP DOT RAY UNI,0,1,1,0,en,Twitter Web App,"['SUNI', 'SUNI']",FALSE,08/06/2021,
23/08/2021,fmtoday And he blew it up by a car convoy to Kedah What the actual fish Could have used all those resources elsewhere more in need,0,0,1,0,en,Twitter for Android,,FALSE,13/04/2011,
23/08/2021,chrisfralic Your point Biontech started working on the vaccine at the end of January last year Phase trial started in April So registering a domain in May is hardly super fast,1,0,0,0,en,Twitter Web App,,FALSE,11/04/2011,"Johannesburg, South Africa"
23/08/2021,Yang naik banner welcoming PM kat merbok tu kerja kedah state govt thats the sanusi clownery for you kahkahkah,0,0,0,0,in,Twitter for iPhone,,FALSE,13/05/2010,Cloud 9
23/08/2021,Gate Union Recruitment Program Phase Make Creative Videos Earn a high basic salary reward now More details Participate CryptoNews,97,107,193,11,en,Buffer,['CryptoNews'],FALSE,26/09/2017,
23/08/2021,NurseNutShar Scarecrow mehdirhasan Nope Trials are what cause the approval process to be slow years for preclinical years for phase for phase and for phase then the FDA approval is months with continued testing,2,0,3,0,en,Twitter Web App,,FALSE,20/12/2015,
23/08/2021,commences production of DMC by end of FY total CapEx of Rs Crores in phase of our Greenfield Project,0,0,5,0,en,Twitter Web App,,FALSE,09/10/2009,dehradun
23/08/2021,Rombongan bawak covid menjelajah ke kedah,0,0,0,1,in,Twitter for iPhone,,FALSE,15/05/2011,
23/08/2021,KulupFans Hari ni dia dah rasmi naik pesawat utk PM ke Kedah,0,0,0,0,in,Twitter for Android,,FALSE,26/12/2010,
23/08/2021,bidadari tatie SyedSaddiq X matang Have this same energy when Malay people have child marriages in Kelantan Kedah and terrenganu,0,0,0,0,en,Twitter for Android,,FALSE,24/01/2016,"Ontario, CA"
23/08/2021,Klo kamu dicuekin tanpa sebab ingat kata tukang ban Ieu mah kedah di gentos,2,0,1,0,in,Twitter for iPhone,,FALSE,15/06/2021,
23/08/2021,xxDonJxx Jap Perdana Satu tp naik nya Tajuddin pegi Kedah ape kaitan ngan Pasir Salak Mahadzir Khalid tu adelh kena mengena ngan Kedah as ex MB,0,0,1,0,in,Twitter for iPhone,,FALSE,10/05/2016,–†–µ—Å–ø—É–±–ª–∏–∫–∞ –ü—É—Ç—Ä–∞ –ü—Ä–∏–º–∞
23/08/2021,KM long Amritsar Bhatinda Jamnagar Access Controlled Highway is being constructed under Bharatmala Pariyojana Phase of the project has been completed and is targeted for completion by May,0,0,0,0,en,Twitter for Android,,FALSE,25/05/2014,Gujrat
23/08/2021,damn esok kena masuk plant kasut bertutup ka safety boots pon tarak aku ni bawak apa ada ja kt kedah mai xdan beli apa,0,0,0,0,in,Twitter for Android,,FALSE,24/12/2015,
23/08/2021,Phase is live EARLY BIRD OFFER IS OVER Male Female Couple emiway emiwaybantai hyderabad hyd hyderabadi emiwaytweets,0,1,2,0,en,Twitter for iPhone,"['emiway', 'emiwaybantai', 'hyderabad', 'hyd', 'hyderabadi']",FALSE,28/12/2020,"Hyderabad, India"
23/08/2021,CitizenTrade AJMacDonaldJr RWMaloneMD All phase animal trials failed All animals died amp exhibited accelerated extreme cancer tumors amp other dangerous side effects This approval tells me the FDA has been Corrupted,1,0,1,0,en,Twitter for Android,,FALSE,31/12/2012,Lost City of Atlantis
23/08/2021,ruffleseed Malaysia has one in Gunung Jerai Kedah Cool and inundated with flood water sometimes only,0,0,3,0,en,Twitter for Android,,FALSE,15/08/2019,"Butterworth,Pulau Pinang"
23/08/2021,Hopefully makbae mmg betul open order utk kedah,0,0,0,0,in,Twitter for iPhone,,FALSE,25/12/2018,
23/08/2021,VSTM is kinda trying to trend They do have a catalyst in mid Sept a phase update at ESMO on the th ww for a runup play Also worth noting that their was a k block purchase on for right now,2,0,1,1,en,TweetDeck,,FALSE,22/08/2021,
23/08/2021,Lebih baik kau persoal isu pasang billiboard selamat dtg kat kedah tu lagi elok Apa jadah time bencana ada yg terlebih rajin nk pasang billiboard ucap selamat datang Bazir duit la woi,1,3,12,0,in,Twitter for iPhone,,FALSE,24/02/2020,
23/08/2021,Esok kalau kes covid Kedah mencanak aku tau dah dari mana kes tu,0,0,0,0,in,Twitter for Android,,FALSE,29/11/2015,Palestine
23/08/2021,loofranchot Tnggu bleh rentas negeri ingat nak angkat negeri kedah tu tros hahahahahhaa,1,0,0,0,in,Twitter for Android,,FALSE,13/02/2015,Taiping
23/08/2021,Rombongan lawatan PM ke Kedah,1,0,1,0,in,Twitter for Android,,FALSE,11/08/2014,
23/08/2021,Update Registration for our tryouts is now open A schedule is coming Please register early spaces may be limited Tryouts Phase guaranteed hours ice,0,0,0,0,en,Twitter for iPhone,,FALSE,26/05/2018,"Colchester, Nova Scotia"
23/08/2021,Anyone know of physicians in the DC area generously defined prescribing the vaccine off label to under yos at the dosage s that Pfizer s Phase kid trials found to be safe NOT asking for a friend,3,1,15,0,en,Twitter Web App,,FALSE,23/03/2009,
23/08/2021,Day First Monday for the Prime Minister Clocked in at Perdana Putra at am then went on his first official visit to flood hit areas in Kedah Cabinet line up will be announced later this week,1,0,1,0,en,Twitter for Android,,FALSE,20/08/2021,
23/08/2021,ATNX I SEE YOU PHASE DATA READ OUT SEPT TH TH GLAD TO SEE INSIDERS STARTING TO PURCHASE AGAIN,0,0,2,0,en,Twitter for Android,,FALSE,05/03/2021,
23/08/2021,Kesian la oghang kedah Dapat MB bangang PM menyemak kesian,0,0,0,0,in,Twitter for iPhone,,FALSE,26/10/2013,
23/08/2021,Hari ini Ogos rombongan lawatan PM ke Kedah,1,1,5,0,in,Twitter for Android,,FALSE,11/08/2014,
23/08/2021,mull patrick c OverallyO ABC A slight variation to combat antigenic drifts and shifts Now a new technology never begre used at this scale or succesfuly to combat a novel virus And I kept telling people it was based off people and months Th,1,0,0,0,en,Twitter for Android,,FALSE,31/10/2020,
23/08/2021,wind hn US FDA Phase trials started well before that May I think,2,0,9,0,en,Twitter for Android,,FALSE,08/12/2012,"Beverly, MA"
23/08/2021,Just finished Phase and Phase of the KindBoxProject mission It s a race against time now for execution Working around this PKPK whatever really is a challenge,1,0,3,0,en,Twitter for Android,['KindBoxProject'],FALSE,09/05/2017,
23/08/2021,Ibu negeri Kedah disisihkan Dahla paling rendah berbanding daerah lain kat Kedah YB kota setar tolong bertindak pantas,0,0,0,0,in,Twitter Web App,,FALSE,13/01/2015,
23/08/2021,sopizakariya Kedah kalau bawah pengurusan bagus mmg baguihhhhhh,1,0,0,0,in,Twitter for iPhone,,FALSE,24/12/2010,Malaysia
23/08/2021,Serious la makbae nak buka order kat kedah,1,0,0,0,in,Twitter for iPhone,,FALSE,24/11/2009,
23/08/2021,Bangga DS Ismail Sabri Yaakob melakukan tugas rasmi pertama slps mengangkat sumpah sbg PM ke melawat tempat kami di Daerah Yan negeri KEDAH hari ini,0,0,0,0,in,Twitter for Android,,FALSE,01/04/2017,"Perak, Malaysia"
23/08/2021,bila cakap pasal bahulu ni pernah makan bahulu paling sedap seumur hidup dekat kedah dua tahun lepas tibe craving,0,0,0,0,in,Twitter for iPhone,,FALSE,18/12/2012,
23/08/2021,EdoajoEric In addition Eric there have been small mRNA vaccine phase trials for rabies HIV Zika years ago I think this is a strong piece of evidence that the technology is safe Long term as well,3,1,11,0,en,Twitter for iPhone,,FALSE,30/07/2007,"San Francisco, CA"
23/08/2021,Dchautala anilvijminister Sir yaha k block new palam vihar phase gurugram me ek transformer me continue sparking ho rhi h or bahot tej awaj aarhi h kai bijli ka equipment kharab ho gye near j and k house no Plz sahi kraye,0,0,0,0,hi,Twitter for Android,,FALSE,02/09/2020,"Gurgaon, India"
23/08/2021,BJPIndia mlkhattar Sir yaha k block new palam vihar phase gurugram me ek transformer me continue sparking ho rhi h or bahot tej awaj aarhi h kai bijli ka equipment kharab ho gye near j and k house no Plz sahi kraye,0,0,0,0,hi,Twitter for Android,,FALSE,02/09/2020,"Gurgaon, India"
23/08/2021,i ll be back in phase when they mandate the vaccine for everything cause that shit not touching my body,0,0,0,0,en,Twitter for iPhone,,FALSE,22/06/2016,"Baltimore, MD"
23/08/2021,there are to be trains per hour on phase having some spurt off to the east will help reliability anyway and the junction needs to be built for future proof Oakervee had recommended phase east to be split up into separate bills so perhaps theyll do to Toton and,1,0,0,0,en,Twitter for Android,,FALSE,03/02/2009,UK
23/08/2021,apaiothmn Kedah,1,0,0,0,in,Twitter for iPhone,,FALSE,23/06/2010,
23/08/2021,rafikagadis Kedah terang atuh,0,0,0,0,in,Twitter for Android,,FALSE,10/02/2013,Bdg
23/08/2021,PointeMilouCap Chipoo MKlugmann AAMortazavi PrecisionBioSci In this area of biotech the relationship between market cap and potential to meet valid unmet need with a safe reasonable manufacturable marketable therapeutic is tenuous Fashion flas,0,0,3,0,en,Twitter Web App,,FALSE,13/02/2010,"RTP, NC"
23/08/2021,Kedah Sejahtera Nikmat Untuk Semua,0,0,1,0,in,Twitter for iPhone,,FALSE,20/05/2018,"Kedah, Malaysia"
23/08/2021,Admin buka giveaway karena ingin membantu di masa pandemi ya semoga bermanfaat dan bisa bikin senang followers semua Dimulai dari starlight september sampe slot buat phase sehat selalu semua stay healthy stay born to be badut sorry becanda With love Admin,8,0,1,0,in,Twitter for Android,,FALSE,23/12/2020,
23/08/2021,YAB Haji Muhammad Sanusi Md Nor menyambut ketibaan Perdana Menteri YAB Dato Sri Ismail Sabri Yaakob di Lapangan Terbang Sultan Abdul Halim Alor Setar pagi tadi Perdana Menteri hadir ke Negeri Kedah bagi membuat lawatan kerja rasmi ke penempatan mangsa bencana kepala air Yan,1,1,4,0,in,Twitter for iPhone,,FALSE,20/05/2018,"Kedah, Malaysia"
23/08/2021,I ve been daytrading all Phase Long opportunities as long as Tb or Phase is also bullish,0,0,0,0,en,TweetDeck,,FALSE,16/07/2009,
23/08/2021,hafizkenny NotMyPM ada gambar Mail naik kapal terbang Yang kereta banyak ini dari KL ke Kedah kah,0,0,0,0,in,Twitter for iPhone,['NotMyPM'],FALSE,04/03/2010,
23/08/2021,uziibad theLahorewala MomeeGul AwaisSpeakss Daanibhai aamirsamjad GreenPkTV farwanaqvi CDAthecapital imranu ayesharshahid gulraizkhan paisay navift PkUrbanplatform urban innov isl green DushkaSaiyid fauziaminallah SamarMinallahKh M,0,0,0,0,en,Twitter for iPhone,,FALSE,20/01/2014,
23/08/2021,khaibahar Balik KG Kedah jumpa Family Rindu Sgt RinduKg,0,0,0,0,in,Twitter for Android,"['Kedah', 'RinduKg']",FALSE,25/10/2010,"Kuala Lumpur, Malaysia"
23/08/2021,Millions are now in this trial How much follow up is occuring Are they taking blood samples etc of participants as planned Why did they go ahead and quacksinate the phase placebo control group after just months follow up,0,0,5,0,en,Twitter Web App,,FALSE,26/08/2019,The Eye of The Storm
23/08/2021,apanakdikato Ni pi kedah ke,1,0,3,0,in,Twitter for Android,,FALSE,18/08/2013,Petaling Jaya
23/08/2021,Kedah masih dalam Fasa la bahlol SOP mana SOP ajengan gampunk,0,0,0,0,in,Twitter for Android,,FALSE,01/04/2016,Kuala Lumpur City
23/08/2021,Syaliza along Ohhh kalau ke jelawang dia jalan lain Selalu je lalu jeli sbb nak ke kedah duluu,1,0,1,0,in,Twitter for Android,,FALSE,13/04/2012,Malaysia
23/08/2021,Pm tadi turun kedah bawah satu keturunan ke tu Pak long pak Ngah pak lang pak turut pak pacak pak jilat Meriah keluarga Malaysia kitajagakita kembalipadatuhan kerajaanbarai,0,0,1,0,in,Twitter for Android,"['kitajagakita', 'kembalipadatuhan', 'kerajaanbarai']",FALSE,21/11/2009,"Perak,Malaysia"
23/08/2021,Budak pas ni orang mana kedah kan so mmg la depa turun Takkan orang KL nak turun kedah bantu SAR mana mau polis nak bagi kebenaran yob Jangan la benak sangat oi,0,1,12,0,in,Twitter for iPhone,,FALSE,14/04/2016,"Malacca, Malaysia"
23/08/2021,Kedah apa ja tak hebat Kes covid pun dia boleh lawan dengan negeri lain takkan pasang banner tak boleh eh celah gigi ja la,0,0,0,0,in,Twitter for iPhone,,FALSE,14/06/2018,
23/08/2021,imokman KKMPutrajaya I bet kedah is fubar,0,0,0,0,in,Twitter for iPhone,,FALSE,29/05/2011,"Semenyih, Selangor"
23/08/2021,sopizakariya Aku harap kedah ok hehe,1,0,0,0,in,Twitter for iPhone,,FALSE,24/12/2010,Malaysia
23/08/2021,HayadiIdu Yang berbaju BN tu apa function Nak cakap BN ni berguna lah tu Pastu nak suruh PM puji lah tu BN kedah baguisssss nohh Starlight ataih pala baru tau,0,0,2,0,in,Twitter for iPhone,,FALSE,12/09/2011,"Johor Bahru, Johor"
23/08/2021,KM long Amritsar Bhatinda Jamnagar Access Controlled Highway is being constructed under Bharatmala Pariyojana Phase of the project has been completed and is targeted for completion by May PragatiKaHighway capt amarinder ashokgehlot vijayrupanibjp,1,0,6,0,en,Twitter for Android,['PragatiKaHighway'],FALSE,23/04/2013,"Amritsar, India"
23/08/2021,pineabul Jauh bang Dataran dengan Kedah Hahahaha,0,0,1,0,in,Twitter for iPhone,,FALSE,11/08/2012,Malaysia
23/08/2021,Naija PR Phase,0,0,0,0,en,Twitter for Android,,FALSE,25/03/2021,
23/08/2021,Kedah pun ada tiga Tunku Abdul Rahman Mahathir Mahathir,0,0,2,0,in,Twitter for iPhone,,FALSE,10/02/2013," Bayt Harapan ,Malizye"
23/08/2021,Patutlaa berpuluh kereta escort mael sabri kat kedah rupa rupanya banyak sampah sarap ikut sekali,0,0,3,0,in,Twitter for Android,,FALSE,30/10/2010,
23/08/2021,DhanapalBalaji RCBTweets Gmaxi Nope I think that pic is from IPL phase in India Also RCB international contingent barring David will come on th August the same day RCB Indian players and staff will leave for UAE David will join RCB after the co,0,0,1,0,en,Twitter Web App,,FALSE,07/02/2021,
23/08/2021,GovAbbott Houston has a problem Increasing R t increasing test positivity increasing hospitalizations and TMC ICU phase capacity full and phase almost full Please do the right thing and vigorously advocate for science based approaches of mask,0,0,1,0,en,Twitter Web App,['Houston'],FALSE,09/04/2018,"Houston, TX"
23/08/2021,auph TRIL a Phase co BO out at B v large payout Several years and clinical trials to go before any revs discounted for time and risk Not focusing on premium but rather value for stage That being said over prior close is still Now,1,0,4,0,en,Twitter for Android,,FALSE,25/04/2014,
23/08/2021,J ai bient t fini la phase de Marvel,0,0,1,0,fr,Twitter for iPhone,,FALSE,30/08/2018,Wonderland
23/08/2021,taieb arikouts poulpimat Aucun n a d pass la phase Vous sortez a d o,2,0,0,0,fr,Twitter for iPad,,FALSE,08/08/2019,RP
23/08/2021,Kes kat kedah pun dok tinggi lagi tapi depa boleh mai buat ramai dok tengok kes kepala ayaq tu eh la otak letak kat mana tau,0,0,1,0,in,Twitter for iPhone,,FALSE,14/06/2018,
23/08/2021,Ni dia pi angkut keturunan dia mai kedah ka,0,0,0,0,in,Twitter for iPhone,,FALSE,24/09/2017,
23/08/2021,BlaqBonez E get one kenya woman close to lekki phase,0,0,0,0,en,Twitter for iPhone,,FALSE,22/07/2020,Somewhere peaceful ü¶ãü¶ã
23/08/2021,Bila carwash dgn kedai baju kt Kedah nk bukak xtau,0,0,0,0,in,Twitter for Android,,FALSE,13/05/2012,"Kedah, Malaysia"
23/08/2021,Challenge Racism Project WMRCC is currently in Year Phase Our expected results after the completion of the project will include an increase in advocacy resources campaigns and services which address barriers to employment for equity deserving groups,0,0,0,0,en,Twitter Web App,,FALSE,09/03/2011,Durham Region
23/08/2021,Kalau Anwar jadi PM amp bawak kapal pi kedah macam tu mmg Facebook dah penuh kata DAP membazir wang rakyat Lebai PAS menggelabah keluarkan hadis UMNO kalut keluarkan cerita lama Anwar,1,5,4,0,in,Twitter for iPhone,,FALSE,02/09/2009,"Brookhaven, Middle-earth"
23/08/2021,PPV bergerak itu beri manfaat kepada penduduk di Perlis di Kedah dan di Pulau Pinang Shahidan sinarharian,0,3,9,0,in,Twitter Web App,['sinarharian'],FALSE,08/07/2011,Malaysia
23/08/2021,SaniaNishtar mere husband ko phase Mai hazar ka msg aya tha ye kah kr paise nhi diye gae k ap azad kashmir sy hyn Punjab sy paise nhi niklain gy Pls hmari rahnumai frmaen Kya hum Punjab sy phase k pesay ab le sktay hyn I d card,0,0,0,0,in,Twitter for Android,,FALSE,04/08/2021,
23/08/2021,MAHA namanya mhddanialrazak nazinajmi amiruddinarif prnah ada org ambik masa sultan kedah nk balik lepas jdi agong dulu,1,1,3,0,in,Twitter for iPhone,,FALSE,13/02/2017,"Kuala Kerai, Kelantan"
23/08/2021,saroki The Kedah govt thought otherwise,1,0,0,0,en,Twitter for Android,,FALSE,19/05/2009,Big Blue Marble
23/08/2021,Tiga Pasukan Bomba Sukarela dari Pasukan Bomba Sukarela Bedong Kedah Jalan Kundor dan Seberang Nyonya turut membantu memberi sokongan pemberian air kepada penduduk,1,0,1,0,in,Twitter for Android,,FALSE,10/02/2014,Sg.Petani
23/08/2021,MonstrMy monstr Saya nak luggage merdeka ni sbb nk bawak luggage MonstrMy ni travel mai Kedah lagi satu saya suka sgt kudapan yg jenis coklat ni tgok dah terliur apatah lagi kalau dpt qasa HELLO shf angah lovelybhundred theararanatrahh,0,4,5,0,in,Twitter for Android,,FALSE,01/12/2017,
23/08/2021,PM turun membantu mendengar dan turunkan peruntukan di kawasan ditimpa kepala air di Yan Kedah tapi mengapa bawa yang tak berkenaan dalam pesawat rasmi negara jangan sampai keluarga Malaysia tukar mood,2,2,17,0,in,Twitter for iPhone,,FALSE,19/04/2011,Malaysia
23/08/2021,HPV can cause various types of cancer in both men and women including cervicalcancer analcancer and headandneckcancer Learn more about our Phase clinical trial in advanced HPV positive cancers HPVcancer,0,0,2,0,en,Sprout Social,"['cervicalcancer', 'analcancer', 'headandneckcancer', 'HPVcancer']",TRUE,03/04/2015,"Cambridge, MA"
23/08/2021,While in Kedah hopefully the PM will check out the Covid situation there also At just of the adult population being fully vaccinated it is far below the national average of and is the third lowest in the country Meanwhile it records the third highest cases everyday,0,0,0,0,en,Twitter for Android,,FALSE,04/08/2014,
23/08/2021,Biar gak dikira base tukang bohong nih saya kirim bukti kalo udah pesenin yg menang giveaway phase xixixi Maaf kelebihan satu slot gppa semoga kalian yg menang tidak keberatan ya karena nominal tidak besar terimakasih sudah berpartisipasi Regard s Admin,7,0,1,1,in,Twitter for Android,,FALSE,23/12/2020,
23/08/2021,Antara rentetan berita hari ini YAB Perdana Menteri DS IsmailSabri hari ini meluangkan masa melawat ke kawasan yang ditimba bencana alam Banjir Kepala Air di Jerai Kedah DSISMyPM KeluargaMalaysia,0,0,0,0,in,Twitter for Android,"['DSISMyPM', 'KeluargaMalaysia']",FALSE,15/01/2011,Shah Alam
23/08/2021,MediaAdil Kedah Alhamdulillah Macam ni lah Salah satu cara mendekati penduduk kampung Anggaplah ini sebagai salah satu pembuka jalan Teruskan khidmat tanpa mengira dia pengundi party mana,1,0,0,0,in,Twitter for Android,,FALSE,12/05/2018,
23/08/2021,PM announces RM mln allocation for disaster area in Kedah,0,0,0,0,en,WordPress.com,,FALSE,11/03/2021,
23/08/2021,MissVall ouh yaka kelulusan hari yg sama ingatkan makan minggu saya di kedah dia di selangor terganggu jugak ni bila tak boleh nak proceed borang plan nikah October,2,0,0,0,in,Twitter for Android,,FALSE,03/08/2010,"Kedah, Malaysia"
23/08/2021,Wantun manjangan kedah wantun maraban LanjutkanPerkaraSyuhada LanjutkanPerkaraSyuhada,3,3,22,0,in,Twitter for Android,"['LanjutkanPerkara6Syuhada', 'LanjutkanPerkara6Syuhada']",FALSE,14/12/2020,
23/08/2021,my sejahtera Hello My name is Roshni Aleem sungai petani kedah MySJ ID passport no U Sub I am yet to receive st dose but MySJ App shows I got my st dose on th Aug in PPV Hotel De Palma Please help to resolve this issue,0,0,0,0,en,Twitter for Android,,FALSE,04/08/2021,
23/08/2021,JKJAVMY Bila nk buat ops lonjakan vaksin di johor Sabah penang KEL KEDAH kematian di johor tak tenat lg ke,0,0,1,0,in,Twitter for Android,,FALSE,17/01/2016,
23/08/2021,Phase trial in India between July October Healthy adults aged between yo were sequentially enrolled and allocated to of treatment arms in a dose escalation manner,1,0,1,0,en,Twitter for Android,,FALSE,18/02/2014,"South Sumatra, Indonesia"
23/08/2021,Jaisalmer and rajsthan frontier district ko project me laya jaye We have stretegy important of frontier road via thus phase thanking you Yash,1,0,1,0,en,Twitter for Android,,FALSE,28/07/2021,
23/08/2021,KKUSTER BAHARU DI KEDAH japenkulim LindungDiriLindungSemua KitaJagaKita,0,3,3,0,en,Twitter for Android,"['japenkulim', 'LindungDiriLindungSemua', 'KitaJagaKita']",FALSE,29/04/2019,KULIM
23/08/2021,hazman Hahahaha Oklah Takde bunyi Kedah,0,0,0,0,in,Twitter for iPhone,,FALSE,25/07/2008,Malaysia
23/08/2021,Buat la dekat kedah sama,0,2,1,0,in,Twitter for iPhone,,FALSE,16/10/2015,"Kedah, Malaysia"
23/08/2021,Mereka antara anggota JAM yang dipilih oleh Allah untuk membantu suadara kita di Kedah Tahniah JABATAN AMAL MALAYSIA pemudapas beramalkeranaAllah jabatanamalmalaysia,1,1,4,0,in,Twitter for iPhone,"['pemudapas', 'beramalkeranaAllah', 'jabatanamalmalaysia']",FALSE,02/10/2011,"Larkin, Johor Bahru"
23/08/2021,The library at Club Vegas in Sai World City Panvel offers you an array of intellectual avenues to explore MAHARERA REGISTRATION NO PHASE P PHASE P For any further details reach out to us on paradisegroup panvel,0,0,2,0,en,Twitter for iPhone,"['paradisegroup', 'panvel']",FALSE,18/03/2015,
23/08/2021,nanti nk cari baju kedah ni laa jugak,0,0,1,0,in,Twitter for iPhone,,FALSE,11/02/2014,Malaysia
23/08/2021,I m at Taman Berlian in Alor Setar Kedah,0,0,0,0,in,Foursquare Swarm,,FALSE,31/10/2011,"Rawang, Selangor"
23/08/2021,SarahMastersChC Stay safe Sarah We too have a phase total lockdown here,0,0,1,0,en,Twitter for Android,,FALSE,25/02/2020,
23/08/2021,hafizkenny Nampak nya seluruh Kedah dh shut down sempena lawat sambil menggangu rakyat ni Kos kepada rakyat dalam keadaan ekonomi ni Membasir x berhati perut,0,0,1,0,in,Twitter for Android,,FALSE,20/07/2009,
23/08/2021,AaronParnas stormborn My spelling is in phase trials,2,0,26,0,en,Twitter for iPhone,,FALSE,26/09/2016,"Minnesota, USA"
23/08/2021,Isu billboard besar menyambut YAB PM IsmailSabri harus disalahkan DO Kuala Muda Penjawat awam Kedah mmg masih berfikiran ortodoc ka Mengampu cara zaman Dr M jadi PM ke dulu Sbb tu perlu ramai org muda yg diangkat jd penjawat awam Imej kerajaan beb,0,2,2,0,in,Twitter for iPhone,,FALSE,07/06/2009,KL - Putrajaya - Langkawi 
23/08/2021,pm am Sahilinfra cbdhage TheTransits TheMetroRailGuy empakshaypatil Explorer Yash No this is under phase which was suppose to start from October and this station has the most progress overall compared to other stations,0,0,4,0,en,Twitter Web App,,FALSE,25/09/2014,
23/08/2021,MUDA Kedah Hebat dan Terbaik,0,0,0,0,in,Twitter for Android,,FALSE,11/11/2011,Malaysia
23/08/2021,EkonomiRakyatMY MUDA Kedah Awt kedah k lbih cm pelik mai tgk kt sungai petani ni wou rata gaji basic rm ja oii gaji sni semata basic ja Haruu,0,0,0,0,in,Twitter for Android,,FALSE,03/01/2013,sungai petani
23/08/2021,shafiqsobrie WEYH BETUL LA BALING KAT KEDAH HAHAHAAHAHA,1,0,0,0,in,Twitter for iPhone,,FALSE,26/05/2010,"Kuching, Sarawak"
23/08/2021,RCUS says their small mol HIF inhibitor AB is expected to enter the clinic in Q It is RCUS th clinical stage molecule The Phase study is in healthy volunteers it will identify the starting dose for the Phase b study to begin in H,0,0,3,0,en,Twitter Web App,,FALSE,23/10/2011,"Brooklyn, NY"
23/08/2021,locdogsister Lmao naw take some more trips before everything gets locked down you know the schools be phase,0,0,0,0,en,Twitter for iPhone,,FALSE,19/02/2011,
23/08/2021,kaleminajayuks ojo mlayu Baca prasasti Tanjore dan Leiden ada disebut bahawa raja Sriwijaya menjalankan administrasi nya di Kedah Dia ditangkap Chola di Kedah Istana nya di Kedah Kedah ialah capital Sriwijaya Satu lagi Capital Sriwijaya ialah,1,0,0,0,in,Twitter for Android,,FALSE,17/01/2021,Semenanjung Melayu
23/08/2021,BIRD PARK UPDATE Construction tender submissions for Bird Park close on Friday for Phase improvements which includes an asphalt parking lot amp trail ducts for landscape lighting wiring amp future water service The contract award should come to Council for approval on Sept th,0,0,0,0,en,Twitter for iPad,,FALSE,06/09/2015,"Belleville, Ontario"
23/08/2021,alffhaiqlmhmmd Kerja kedah kawin orang perak memang naise hahahahahahah,1,0,0,0,in,Twitter for iPhone,,FALSE,04/10/2015,mars
23/08/2021,carlquintanilla Reuters It took less than a year for a vaccine to get approved by US FDA but when it comes to other therapies treatments and so on you would need phase up to phase and that would take you at least years What money and power can d,0,0,0,0,en,Twitter Web App,,TRUE,30/04/2009,
23/08/2021,hujaanhujanann Kedah dirugrugkrun nyak Pipalaureun kapayunna,1,0,0,0,in,Twitter for Android,,FALSE,30/09/2012,East-West-East-And-North
23/08/2021,galuade raids cont shb e has the absolutely most FF moment ever with the phase gt change e for some reason i actively enjoy doing this one e all around its just such a prime synthesis and a finale to the story and the musical theme be,0,0,0,0,en,Twitter Web App,,FALSE,23/04/2017,Croatia
23/08/2021,Quite a number of these new cluster seems worrying Beberapa kluster di kelantan kedah amp sarawak menunjukkan kadar positif tinggi Hope proper action are being taken a s a p,0,0,1,0,in,Twitter for Android,,FALSE,19/01/2019,
23/08/2021,saggiebabyy ada dua istillah sepak KL sepak by kaki KEDAH sepak by tangan jgn runsing sbb malaysia mmg win bahasa rojak,1,0,0,0,in,Twitter for iPhone,,FALSE,11/01/2012,Kuala Lumpur
23/08/2021,kaleminajayuks ojo mlayu Surat Thani kemudian di serang Chenla tinggal hanya Kedah Pada abad ke Raja Sriwijaya ditangkap Chola di kedah Kedah ialah capital Sriwijaya sehingga abad ke,0,0,0,0,in,Twitter for Android,,FALSE,17/01/2021,Semenanjung Melayu
23/08/2021,KulupFans Ko nk marah MB kedah ke PM ni ke YDP majlis mana satu ni,0,0,0,0,in,Twitter for Android,,FALSE,19/03/2018,Malaysia
23/08/2021,DiscoMyCisco jswirbul unusual whales He said full Not just phase and Phase s final check is months after first injection,1,0,1,0,en,Twitter for iPhone,,FALSE,06/03/2008,United States
23/08/2021,WUSD WEX Migration Phase,1,5,27,0,en,Twitter for iPhone,,FALSE,02/02/2021,Multi-Verse
23/08/2021,nadhmad pegi kedah nak bercuti ke huhu,1,0,0,0,in,Twitter for Android,,FALSE,21/07/2018,Senawang
23/08/2021,YAB PM DS IsmailSabri turun padang ke kawasan banjir di Yan Kedah Ini contoh PM yang prihatin terhadap rakyat Semua Wakil Rakyat juga perlu turun padang dan jenguk rakyat di bawah juga KeluargaMalaysia,0,1,1,0,in,Twitter for Android,['KeluargaMalaysia'],FALSE,14/06/2018,Malaysia
23/08/2021,kaleminajayuks ojo mlayu Capital Sriwijaya ada dua Satu Kedah di pantai barat dua Surat Thani di pantai timur Sriwijaya ialah gabungan kerajaan kerajaan awal di utara semenanjung seperti Chitu Kedah Pan Pan Tan Tan Kelantan dan Langkasuka,1,0,0,0,in,Twitter for Android,,FALSE,17/01/2021,Semenanjung Melayu
23/08/2021,Ndyahhhlahhh Tulaaa Dah la musim covid mcm ni Kes kat kedah pun tgh tinggi kot Kena pulak bencana banjir Yg depa mai duk buat lapaq pujian Haishhhhh Gerammm,0,0,0,0,in,Twitter for Android,,FALSE,29/01/2012,
23/08/2021,EricTan PoliticoMy LagaCawan IsmailSabri DrNorainiAhmad IsmailSaid PAbdulRahman shahidan kassim MahdzirKhalid And what did he do in Kedah Help people bc of flood lol Dont be so negative,0,0,0,0,en,Twitter for iPhone,,FALSE,05/05/2021,
23/08/2021,HuzaimieSid Org kedah panggil this menerum meneram ntah la they need to be visible in the PM s maiden visiit kot Senang dpt approvals in the not distant future,1,0,0,0,en,Twitter for Android,,FALSE,06/05/2009,"penang, west malaysia"
23/08/2021,Saya bersama teman teman Pemuda Negara Negeri Kedah hadir membantu sebahagian penduduk di Taman Lembah Merbok pada Jumaat lepas yang terkesan akibat kejadian Kepala Air di Gunung Jerai pada Rabu lalu,1,4,2,0,in,Twitter for Android,,FALSE,10/02/2014,Sg.Petani
23/08/2021,BhatiaUttkarsh Sahilinfra cbdhage TheTransits TheMetroRailGuy empakshaypatil Explorer Yash But this stn might be under phase right Phase should get started by end at least,1,0,2,0,en,Twitter for Android,,FALSE,06/05/2010,Mumbai
